{
        "scheme": {
                "pattern": "heater-1"
        },
	"components": [ "CS-Methane", "CS-Ethane", "CS-Propane", "CS-Isobutane", "CS-N-pentane", "CS-N-octane"],
	"components-data": {
		"CS-Methane": {
			"groupname": "chemsep",
			"order": 1.0100000000000000e+02,
			"parameters": {
				"acentricFac": 1.0999999999999999e-02,
				"cp": {
					"coeffs": [ 3.3151900000000001e+04, -1.2200010000000000e+03, 1.2090700000000000e+01, -3.8479100000000000e-04, 9.8964030000000002e-08],
					"eq": 16,
					"tmax": 1.5000000000000000e+03,
					"tmin": 1.0000000000000000e+01
				},
				"critPres": 4.5990000000000000e+06,
				"critTemp": 1.9056000000000000e+02,
				"critZ": 2.8599999999999998e-01,
				"molarMass": 1.6042459999999998e-02
			}
		},
		"CS-Ethane": {
			"groupname": "chemsep",
			"order": 1.0200000000000000e+02,
			"parameters": {
				"acentricFac": 9.9000000000000005e-02,
				"cp": {
					"coeffs": [ 3.5666220000000001e+04, -6.1651980000000003e+02, 1.1699140000000000e+01, 4.4452499999999998e-04, -1.5419420000000000e-07],
					"eq": 16,
					"tmax": 1.5000000000000000e+03,
					"tmin": 8.0000000000000000e+01
				},
				"critPres": 4.8720000000000000e+06,
				"critTemp": 3.0531999999999999e+02,
				"critZ": 2.7900000000000003e-01,
				"molarMass": 3.0069040000000002e-02
			}
		},
		"CS-Propane": {
			"groupname": "chemsep",
			"order": 1.0300000000000000e+02,
			"parameters": {
				"acentricFac": 1.5200000000000000e-01,
				"cp": {
					"coeffs": [ 3.7840400000000001e+04, -4.4557889999999998e+02, 1.1838710000000001e+01, 6.5376400000000004e-04, -2.2001370000000000e-07],
					"eq": 16,
					"tmax": 1.5000000000000000e+03,
					"tmin": 8.0000000000000000e+01
				},
				"critPres": 4.2480000000000000e+06,
				"critTemp": 3.6982999999999998e+02,
				"critZ": 2.7600000000000002e-01,
				"molarMass": 4.4095619999999995e-02
			}
		},
		"CS-Isobutane": {
			"groupname": "chemsep",
			"order": 1.0500000000000000e+02,
			"parameters": {
				"acentricFac": 1.8600000000000000e-01,
				"cp": {
					"coeffs": [ 3.9746029999999999e+04, -3.7157299999999998e+02, 1.2025930000000001e+01, 7.5503899999999999e-04, -2.5960799999999998e-07],
					"eq": 16,
					"tmax": 1.5000000000000000e+03,
					"tmin": 8.0000000000000000e+01
				},
				"critPres": 3.6399999999999995e+06,
				"critTemp": 4.0785000000000002e+02,
				"critZ": 2.7800000000000002e-01,
				"molarMass": 5.8122199999999999e-02
			}
		},
		"CS-N-pentane": {
			"groupname": "chemsep",
			"order": 1.0600000000000000e+02,
			"parameters": {
				"acentricFac": 2.5100000000000000e-01,
				"cp": {
					"coeffs": [ 8.1062000000000000e+04, -7.0686000000000001e+02, 1.2962000000000000e+01, -4.9298000000000001e-05, 2.8357000000000000e-09],
					"eq": 16,
					"tmax": 1.5000000000000000e+03,
					"tmin": 2.0000000000000000e+02
				},
				"critPres": 3.3700000000000000e+06,
				"critTemp": 4.6969999999999999e+02,
				"critZ": 2.6800000000000002e-01,
				"molarMass": 7.2148780000000010e-02
			}
		},
		"CS-N-octane": {
			"groupname": "chemsep",
			"order": 1.1100000000000000e+02,
			"parameters": {
				"acentricFac": 3.9700000000000002e-01,
				"cp": {
					"coeffs": [ 1.2336000000000000e+05, -7.0010000000000002e+02, 1.3486000000000001e+01, -1.9118000000000000e-04, 4.5400999999999997e-08],
					"eq": 16,
					"tmax": 1.5000000000000000e+03,
					"tmin": 2.0000000000000000e+02
				},
				"critPres": 2.4900000000000000e+06,
				"critTemp": 5.6870000000000005e+02,
				"critZ": 2.5900000000000001e-01,
				"molarMass": 1.1422850000000000e-01
			}
		}
	},
	"PR-bics": {
		"CS-Methane&CS-Ethane": -3.3000000000000000e-03,
		"CS-Methane&CS-Propane": 1.1900000000000001e-02,
		"CS-Ethane&CS-Propane": 1.1000000000000001e-03,
		"CS-Methane&CS-Isobutane": 2.5600000000000001e-02,
		"CS-Ethane&CS-Isobutane": -6.7000000000000002e-03,
		"CS-Propane&CS-Isobutane": -7.7999999999999996e-03,
		"CS-Methane&CS-N-pentane": 2.3000000000000000e-02,
		"CS-Ethane&CS-N-pentane": 7.7999999999999996e-03,
		"CS-Propane&CS-N-pentane": 2.6700000000000002e-02,
		"CS-Methane&CS-N-octane": 4.9599999999999998e-02,
		"CS-Ethane&CS-N-octane": 1.8499999999999999e-02
	},
"objects": {
                "heater-1": {
                        "inouts": {
                        },
                        "values": {
                                
                        }
                },
                "heater-1-input1": {
                        "flowdefinition": {
				"type": "fromMoleFractionsMolarFlow",
				"pres": 2.0684000000000002e+06,
				"temp": 3.1092800000000000e+02,
				"molarFlow": 1.2599805555555557e+01,
				"moleFractions": [ 0.1000000000000000e+00, 0.2000000000000000e+00, 0.3000000000000000e+00, 0.0000000000000000e+00, 0.0000000000000000e+00, 0.4000000000000000e+00]
			}
                },
		"heater-1-in-energy": {
			"power": 2.34319e5
		}
        }
}

